{"cameraMode":{"drawMode":0,"name":"Shaded","section":"Shading Mode"},"sceneLighting":false,"audioPlay":false,"sceneViewState":{"showFog":true,"showMaterialUpdate":true,"showSkybox":false,"showFlares":true,"showImageEffects":true,"showParticleSystems":true},"in2DMode":false,"pivot":{"x":1.9135284423828126,"y":4.283117294311523,"z":-3.991100311279297},"rotation":{"x":-0.10042638331651688,"y":0.8472612500190735,"z":-0.1729036122560501,"w":-0.4921077787876129},"size":9.713597297668457,"orthographic":false}