{"cameraMode":{"drawMode":0,"name":"Shaded","section":"Shading Mode"},"sceneLighting":false,"audioPlay":false,"sceneViewState":{"showFog":true,"showMaterialUpdate":true,"showSkybox":false,"showFlares":true,"showImageEffects":true,"showParticleSystems":true},"in2DMode":false,"pivot":{"x":2.214885711669922,"y":1.3886070251464844,"z":-6.5724310874938969},"rotation":{"x":0.3162803649902344,"y":0.48909446597099306,"z":-0.19609539210796357,"w":0.7888647317886353},"size":0.8660253882408142,"orthographic":false}