{"cameraMode":{"drawMode":0,"name":"Shaded","section":"Shading Mode"},"sceneLighting":true,"audioPlay":false,"sceneViewState":{"showFog":true,"showMaterialUpdate":true,"showSkybox":true,"showFlares":true,"showImageEffects":true,"showParticleSystems":true},"in2DMode":false,"pivot":{"x":0.21158508956432343,"y":-0.19997823238372804,"z":-0.7456660270690918},"rotation":{"x":0.0028974071610718967,"y":0.9609576463699341,"z":-0.2765335738658905,"w":0.010088564828038216},"size":1.4956836700439454,"orthographic":false}